{
  "9": 0.028155319019053555,
  "12": 0.02525254902959604,
  "15": 0.026904006813393354,
  "18": 0.026966379442675558,
  "21": 0.026692333607180728
}