{
  "T_fixed_h": 2.0,
  "winds": [
    0,
    3,
    6,
    9,
    12,
    15,
    18
  ],
  "burn_vs_wind": [
    0.006419753086419753,
    0.17185185185185187,
    31.76641975308642,
    38.43604938271605,
    40.92,
    43.63654320987654,
    45.60740740740741
  ],
  "moist": [
    0.03,
    0.06,
    0.09,
    0.12,
    0.18,
    0.25
  ],
  "burn_vs_moist": [
    40.639012345679006,
    39.782716049382714,
    39.46074074074074,
    32.8162962962963,
    0.0004938271604938272,
    0.0004938271604938272
  ],
  "downwind_shift_vs_wind": [
    0.0,
    6.971264367816091,
    144.1823495577285,
    135.23546567651255,
    130.1952379228365,
    124.35831334027432,
    119.97955714363056
  ]
}